link,title
/nby/npo/5591147817.html,
/nby/npo/5591120381.html,
/nby/npo/5591068637.html,
/sby/npo/5591068416.html,
/sfc/npo/5591034758.html,
/nby/npo/5590989945.html,
/sfc/npo/5590943683.html,
/eby/npo/5590929113.html,
/scz/npo/5590915529.html,
/sby/npo/5590888814.html,
/nby/npo/5590836294.html,
/eby/npo/5590833691.html,
/eby/npo/5590797729.html,
/eby/npo/5590787933.html,
/eby/npo/5590761804.html,
/nby/npo/5590755727.html,
/sfc/npo/5590752479.html,
/nby/npo/5590741499.html,
/eby/npo/5590683760.html,
/nby/npo/5590665621.html,
/scz/npo/5590647200.html,
/eby/npo/5590644438.html,
/eby/npo/5590624271.html,
/eby/npo/5590622974.html,
/eby/npo/5590619685.html,
/eby/npo/5590565464.html,
/scz/npo/5590520418.html,
/scz/npo/5590430450.html,
/sby/npo/5590106336.html,
/sby/npo/5590105334.html,
/sby/npo/5589850241.html,
/nby/npo/5589825806.html,
/sfc/npo/5589778756.html,
/nby/npo/5589768238.html,
/eby/npo/5589762740.html,
/eby/npo/5589761216.html,
/eby/npo/5589759022.html,
/nby/npo/5589757007.html,
/sfc/npo/5589751203.html,
/nby/npo/5589747298.html,
/eby/npo/5589731303.html,
/sfc/npo/5589730403.html,
/sby/npo/5589727154.html,
/sfc/npo/5589727143.html,
/eby/npo/5589725431.html,
/sfc/npo/5589724301.html,
/eby/npo/5589709379.html,
/sby/npo/5589706100.html,
/eby/npo/5589702726.html,
/sby/npo/5589699733.html,
/sfc/npo/5589698273.html,
/sfc/npo/5589695366.html,
/eby/npo/5589694216.html,
/eby/npo/5589692401.html,
/eby/npo/5589690610.html,
/nby/npo/5589648007.html,
/sfc/npo/5589643844.html,
/sfc/npo/5589636950.html,
/pen/npo/5589624604.html,
/eby/npo/5589611856.html,
/nby/npo/5589611284.html,
/nby/npo/5589607091.html,
/eby/npo/5589578230.html,
/pen/npo/5589571883.html,
/sby/npo/5589537329.html,
/eby/npo/5589528760.html,
/sfc/npo/5589511673.html,
/eby/npo/5589463977.html,
/eby/npo/5589459647.html,
/sby/npo/5589455560.html,
/sfc/npo/5589396693.html,
/eby/npo/5589395474.html,
/sfc/npo/5589395027.html,
/sfc/npo/5589392933.html,
/sfc/npo/5589391153.html,
/eby/npo/5589376289.html,
/pen/npo/5589366064.html,
/scz/npo/5589365803.html,
/sfc/npo/5589363329.html,
/sfc/npo/5589362254.html,
/eby/npo/5589347762.html,
/sfc/npo/5589336897.html,
/eby/npo/5589302120.html,
/eby/npo/5589299497.html,
/eby/npo/5589295973.html,
/eby/npo/5589294661.html,
/nby/npo/5589280252.html,
/eby/npo/5589275840.html,
/sfc/npo/5589269515.html,
/sfc/npo/5589233317.html,
/sfc/npo/5589229077.html,
/eby/npo/5589212626.html,
/eby/npo/5589208937.html,
/sfc/npo/5589203440.html,
/nby/npo/5589175175.html,
/sfc/npo/5589174819.html,
/sby/npo/5589147660.html,
/sby/npo/5589145027.html,
/sby/npo/5589142561.html,
/pen/npo/5589120115.html,
